Lipid class,# of species,%
CL,23,26.74418605
Cer,63,73.25581395
Total,86,100